Local time,Open,High,Low,Close,Volume
01.03.2012 11:00:00.000 GMT+1100,3.9340,3.9340,3.9340,3.9340,0
02.03.2012 11:00:00.000 GMT+1100,3.9340,3.9480,3.8890,3.9070,0
03.03.2012 11:00:00.000 GMT+1100,3.9070,3.9070,3.9070,3.9070,0
04.03.2012 11:00:00.000 GMT+1100,3.9007,3.9080,3.9007,3.9038,0.0046
05.03.2012 11:00:00.000 GMT+1100,3.9048,3.9309,3.8348,3.8727,0.2849
06.03.2012 11:00:00.000 GMT+1100,3.8719,3.8820,3.7297,3.7408,0.324
07.03.2012 11:00:00.000 GMT+1100,3.7419,3.7849,3.7128,3.7708,0.28
08.03.2012 11:00:00.000 GMT+1100,3.7719,3.8299,3.7640,3.7987,0.2749
09.03.2012 11:00:00.000 GMT+1100,3.7968,3.8760,3.7869,3.8480,0.2744
10.03.2012 11:00:00.000 GMT+1100,3.8480,3.8480,3.8480,3.8480,0
11.03.2012 11:00:00.000 GMT+1100,3.8397,3.8619,3.8388,3.8598,0.0061
12.03.2012 11:00:00.000 GMT+1100,3.8589,3.8610,3.8158,3.8477,0.2099
13.03.2012 11:00:00.000 GMT+1100,3.8469,3.9170,3.8417,3.9098,0.2532
14.03.2012 11:00:00.000 GMT+1100,3.9090,3.9109,3.8258,3.8359,0.2334
15.03.2012 11:00:00.000 GMT+1100,3.8369,3.9019,3.8247,3.8869,0.2489
16.03.2012 11:00:00.000 GMT+1100,3.8879,3.9390,3.8668,3.8759,0.2628
17.03.2012 11:00:00.000 GMT+1100,3.8759,3.8759,3.8759,3.8759,0
18.03.2012 11:00:00.000 GMT+1100,3.8837,3.8850,3.8728,3.8748,0.0049
19.03.2012 11:00:00.000 GMT+1100,3.8758,3.9180,3.8538,3.8998,0.2253
20.03.2012 11:00:00.000 GMT+1100,3.8990,3.9099,3.8128,3.8458,0.237
21.03.2012 11:00:00.000 GMT+1100,3.8468,3.8690,3.8268,3.8419,0.2224
22.03.2012 11:00:00.000 GMT+1100,3.8430,3.8559,3.7520,3.7838,0.2592
23.03.2012 11:00:00.000 GMT+1100,3.7848,3.8240,3.7608,3.8040,0.2458
24.03.2012 11:00:00.000 GMT+1100,3.8040,3.8040,3.8040,3.8040,0
25.03.2012 11:00:00.000 GMT+1100,3.8048,3.8180,3.8017,3.8099,0.0086
26.03.2012 11:00:00.000 GMT+1100,3.8120,3.8980,3.7939,3.8880,0.2196
27.03.2012 11:00:00.000 GMT+1100,3.8888,3.9029,3.8549,3.8668,0.2161
28.03.2012 11:00:00.000 GMT+1100,3.8659,3.8670,3.7819,3.8130,0.2567
29.03.2012 11:00:00.000 GMT+1100,3.8119,3.8169,3.7619,3.8109,0.2656
30.03.2012 11:00:00.000 GMT+1100,3.8088,3.8510,3.8047,3.8228,0.183
31.03.2012 11:00:00.000 GMT+1100,3.8228,3.8228,3.8228,3.8228,0
01.04.2012 10:00:00.000 GMT+1000,3.8513,3.8740,3.8513,3.8598,0.0063
02.04.2012 10:00:00.000 GMT+1000,3.8589,3.9309,3.8278,3.9148,0.217
03.04.2012 10:00:00.000 GMT+1000,3.9159,3.9548,3.8799,3.8827,0.2189
04.04.2012 10:00:00.000 GMT+1000,3.8859,3.8929,3.7878,3.8017,0.2253
05.04.2012 10:00:00.000 GMT+1000,3.8030,3.8259,3.7738,3.7899,0.2152
06.04.2012 10:00:00.000 GMT+1000,3.7899,3.7899,3.7899,3.7899,0
07.04.2012 10:00:00.000 GMT+1000,3.7899,3.7899,3.7899,3.7899,0
08.04.2012 10:00:00.000 GMT+1000,3.7768,3.7920,3.7668,3.7888,0.0124
09.04.2012 10:00:00.000 GMT+1000,3.7879,3.7980,3.7038,3.7248,0.1658
10.04.2012 10:00:00.000 GMT+1000,3.7260,3.7809,3.6439,3.6640,0.3154
11.04.2012 10:00:00.000 GMT+1000,3.6649,3.6700,3.6289,3.6460,0.2492
12.04.2012 10:00:00.000 GMT+1000,3.6449,3.7300,3.6439,3.7159,0.2453
13.04.2012 10:00:00.000 GMT+1000,3.7148,3.7208,3.6048,3.6180,0.2932
14.04.2012 10:00:00.000 GMT+1000,3.6180,3.6180,3.6180,3.6180,0
15.04.2012 10:00:00.000 GMT+1000,3.6197,3.6210,3.6038,3.6050,0.0098
16.04.2012 10:00:00.000 GMT+1000,3.6059,3.6380,3.5678,3.6219,0.2836
17.04.2012 10:00:00.000 GMT+1000,3.6209,3.6530,3.5838,3.6447,0.2363
18.04.2012 10:00:00.000 GMT+1000,3.6438,3.6738,3.6108,3.6259,0.246
19.04.2012 10:00:00.000 GMT+1000,3.6270,3.6538,3.5969,3.6290,0.2829
20.04.2012 10:00:00.000 GMT+1000,3.6280,3.7119,3.6238,3.6898,0.2277
21.04.2012 10:00:00.000 GMT+1000,3.6898,3.6898,3.6898,3.6898,0
22.04.2012 10:00:00.000 GMT+1000,3.6840,3.6909,3.6777,3.6908,0.006
23.04.2012 10:00:00.000 GMT+1000,3.6900,3.6910,3.6029,3.6269,0.272
24.04.2012 10:00:00.000 GMT+1000,3.6278,3.6870,3.6238,3.6810,0.2295
25.04.2012 10:00:00.000 GMT+1000,3.6819,3.7140,3.6599,3.7069,0.2574
26.04.2012 10:00:00.000 GMT+1000,3.7059,3.7840,3.6878,3.7639,0.2116
27.04.2012 10:00:00.000 GMT+1000,3.7650,3.8268,3.7479,3.8260,0.2247
28.04.2012 10:00:00.000 GMT+1000,3.8260,3.8260,3.8260,3.8260,0
29.04.2012 10:00:00.000 GMT+1000,3.8275,3.8429,3.8194,3.8428,0.0017
30.04.2012 10:00:00.000 GMT+1000,3.8363,3.8579,3.7985,3.8338,0.1226
01.05.2012 10:00:00.000 GMT+1000,3.8316,3.8539,3.7959,3.8316,0.1214
02.05.2012 10:00:00.000 GMT+1000,3.8296,3.8330,3.7658,3.7808,0.1799
03.05.2012 10:00:00.000 GMT+1000,3.7819,3.7890,3.7259,3.7349,0.179
04.05.2012 10:00:00.000 GMT+1000,3.7359,3.7538,3.7019,3.7158,0.2122
05.05.2012 10:00:00.000 GMT+1000,3.7158,3.7158,3.7158,3.7158,0
06.05.2012 10:00:00.000 GMT+1000,3.7079,3.7079,3.6658,3.6770,0.0201
07.05.2012 10:00:00.000 GMT+1000,3.6779,3.7768,3.6729,3.7559,0.1665
08.05.2012 10:00:00.000 GMT+1000,3.7539,3.7568,3.6549,3.6800,0.2082
09.05.2012 10:00:00.000 GMT+1000,3.6809,3.6940,3.6088,3.6598,0.3046
10.05.2012 10:00:00.000 GMT+1000,3.6610,3.7119,3.6428,3.6659,0.2442
11.05.2012 10:00:00.000 GMT+1000,3.6668,3.6819,3.6160,3.6289,0.2295
12.05.2012 10:00:00.000 GMT+1000,3.6289,3.6289,3.6289,3.6289,0
13.05.2012 10:00:00.000 GMT+1000,3.6499,3.6700,3.6420,3.6539,0.0213
14.05.2012 10:00:00.000 GMT+1000,3.6528,3.6729,3.5010,3.5279,0.2511
15.05.2012 10:00:00.000 GMT+1000,3.5288,3.5580,3.4858,3.5019,0.2438
16.05.2012 10:00:00.000 GMT+1000,3.5010,3.5140,3.4479,3.4829,0.2903
17.05.2012 10:00:00.000 GMT+1000,3.4839,3.5199,3.4528,3.4679,0.2928
18.05.2012 10:00:00.000 GMT+1000,3.4670,3.5148,3.4298,3.4347,0.277
19.05.2012 10:00:00.000 GMT+1000,3.4347,3.4347,3.4347,3.4347,0
20.05.2012 10:00:00.000 GMT+1000,3.4469,3.4590,3.4348,3.4590,0.0097
21.05.2012 10:00:00.000 GMT+1000,3.4578,3.5350,3.4578,3.5240,0.2428
22.05.2012 10:00:00.000 GMT+1000,3.5250,3.5279,3.4508,3.4679,0.2082
23.05.2012 10:00:00.000 GMT+1000,3.4708,3.4719,3.3848,3.4198,0.2844
24.05.2012 10:00:00.000 GMT+1000,3.4209,3.4498,3.4038,3.4339,0.269
25.05.2012 10:00:00.000 GMT+1000,3.4329,3.4660,3.4168,3.4478,0.2099
26.05.2012 10:00:00.000 GMT+1000,3.4478,3.4478,3.4478,3.4478,0
27.05.2012 10:00:00.000 GMT+1000,3.4579,3.4679,3.4489,3.4580,0.0151
28.05.2012 10:00:00.000 GMT+1000,3.4588,3.4960,3.4570,3.4709,0.116
29.05.2012 10:00:00.000 GMT+1000,3.4718,3.5079,3.4519,3.4628,0.2396
30.05.2012 10:00:00.000 GMT+1000,3.4639,3.4650,3.3600,3.3658,0.2719
31.05.2012 10:00:00.000 GMT+1000,3.3669,3.4040,3.3408,3.3619,0.2451
01.06.2012 10:00:00.000 GMT+1000,3.3608,3.3759,3.2988,3.3429,0.1978
02.06.2012 10:00:00.000 GMT+1000,3.3429,3.3429,3.3429,3.3429,0
03.06.2012 10:00:00.000 GMT+1000,3.3168,3.3300,3.2750,3.2880,0.0216
04.06.2012 10:00:00.000 GMT+1000,3.2869,3.3520,3.2367,3.3329,0.2805
05.06.2012 10:00:00.000 GMT+1000,3.3340,3.3500,3.2770,3.3060,0.2319
06.06.2012 10:00:00.000 GMT+1000,3.3080,3.3810,3.3049,3.3719,0.2525
07.06.2012 10:00:00.000 GMT+1000,3.3729,3.4299,3.3288,3.3638,0.2859
08.06.2012 10:00:00.000 GMT+1000,3.3650,3.3668,3.2629,3.3150,0.2906
09.06.2012 10:00:00.000 GMT+1000,3.3150,3.3150,3.3150,3.3150,0
10.06.2012 10:00:00.000 GMT+1000,3.3850,3.3989,3.3616,3.3670,0.0235
11.06.2012 10:00:00.000 GMT+1000,3.3659,3.3880,3.3018,3.3150,0.2372
12.06.2012 10:00:00.000 GMT+1000,3.3160,3.3570,3.3019,3.3440,0.2479
13.06.2012 10:00:00.000 GMT+1000,3.3419,3.3689,3.3068,3.3218,0.2319
14.06.2012 10:00:00.000 GMT+1000,3.3230,3.3720,3.3218,3.3589,0.2355
15.06.2012 10:00:00.000 GMT+1000,3.3599,3.4189,3.3568,3.4117,0.2039
16.06.2012 10:00:00.000 GMT+1000,3.4117,3.4117,3.4117,3.4117,0
17.06.2012 10:00:00.000 GMT+1000,3.4408,3.4418,3.4107,3.4239,0.0147
18.06.2012 10:00:00.000 GMT+1000,3.4219,3.4350,3.3668,3.3898,0.2385
19.06.2012 10:00:00.000 GMT+1000,3.3910,3.4389,3.3719,3.4239,0.2197
20.06.2012 10:00:00.000 GMT+1000,3.4249,3.4319,3.3560,3.3739,0.2465
21.06.2012 10:00:00.000 GMT+1000,3.3769,3.3779,3.2948,3.3119,0.226
22.06.2012 10:00:00.000 GMT+1000,3.3077,3.3237,3.2626,3.3180,0.1593
23.06.2012 10:00:00.000 GMT+1000,3.3180,3.3180,3.3180,3.3180,0
24.06.2012 10:00:00.000 GMT+1000,3.3158,3.3259,3.3092,3.3135,0.0027
25.06.2012 10:00:00.000 GMT+1000,3.3125,3.3459,3.2869,3.3346,0.196
26.06.2012 10:00:00.000 GMT+1000,3.3360,3.3418,3.3017,3.3180,0.2053
27.06.2012 10:00:00.000 GMT+1000,3.3157,3.3590,3.3019,3.3509,0.1715
28.06.2012 10:00:00.000 GMT+1000,3.3519,3.3668,3.3149,3.3389,0.2012
29.06.2012 10:00:00.000 GMT+1000,3.3380,3.5140,3.3288,3.4958,0.2754
30.06.2012 10:00:00.000 GMT+1000,3.4958,3.4958,3.4958,3.4958,0
01.07.2012 10:00:00.000 GMT+1000,3.4944,3.4999,3.4877,3.4959,0.0088
02.07.2012 10:00:00.000 GMT+1000,3.4949,3.4958,3.4519,3.4647,0.1769
03.07.2012 10:00:00.000 GMT+1000,3.4659,3.5550,3.4628,3.5330,0.2021
04.07.2012 10:00:00.000 GMT+1000,3.5318,3.5388,3.4969,3.4990,0.1274
05.07.2012 10:00:00.000 GMT+1000,3.4999,3.5390,3.4688,3.4929,0.237
06.07.2012 10:00:00.000 GMT+1000,3.4938,3.5038,3.4040,3.4150,0.1703
07.07.2012 10:00:00.000 GMT+1000,3.4150,3.4150,3.4150,3.4150,0
08.07.2012 10:00:00.000 GMT+1000,3.4129,3.4218,3.4098,3.4098,0.0048
09.07.2012 10:00:00.000 GMT+1000,3.4110,3.4390,3.3968,3.4368,0.1615
10.07.2012 10:00:00.000 GMT+1000,3.4349,3.4380,3.3809,3.3939,0.1729
11.07.2012 10:00:00.000 GMT+1000,3.3928,3.4500,3.3879,3.4348,0.1927
12.07.2012 10:00:00.000 GMT+1000,3.4360,3.4360,3.3829,3.4209,0.1883
13.07.2012 10:00:00.000 GMT+1000,3.4220,3.5059,3.4109,3.4938,0.1836
14.07.2012 10:00:00.000 GMT+1000,3.4938,3.4938,3.4938,3.4938,0
15.07.2012 10:00:00.000 GMT+1000,3.5030,3.5069,3.4957,3.4969,0.0036
16.07.2012 10:00:00.000 GMT+1000,3.4958,3.4969,3.4649,3.4670,0.0723
17.07.2012 10:00:00.000 GMT+1000,3.4959,3.5110,3.4309,3.4708,0.1977
18.07.2012 10:00:00.000 GMT+1000,3.4700,3.4820,3.4338,3.4698,0.184
19.07.2012 10:00:00.000 GMT+1000,3.4718,3.5440,3.4698,3.5259,0.2376
20.07.2012 10:00:00.000 GMT+1000,3.5248,3.5260,3.4178,3.4390,0.2544
21.07.2012 10:00:00.000 GMT+1000,3.4390,3.4390,3.4390,3.4390,0
22.07.2012 10:00:00.000 GMT+1000,3.4379,3.4388,3.4209,3.4309,0.0071
23.07.2012 10:00:00.000 GMT+1000,3.4319,3.4439,3.3408,3.3750,0.2629
24.07.2012 10:00:00.000 GMT+1000,3.3740,3.4010,3.3378,3.3599,0.287
25.07.2012 10:00:00.000 GMT+1000,3.3589,3.4019,3.3318,3.3760,0.2926
26.07.2012 10:00:00.000 GMT+1000,3.3768,3.4370,3.3528,3.3910,0.3245
27.07.2012 10:00:00.000 GMT+1000,3.3919,3.4380,3.3778,3.4308,0.3144
28.07.2012 10:00:00.000 GMT+1000,3.4308,3.4308,3.4308,3.4308,0
29.07.2012 10:00:00.000 GMT+1000,3.4279,3.4320,3.4234,3.4277,0.0058
30.07.2012 10:00:00.000 GMT+1000,3.4258,3.4538,3.4019,3.4239,0.2215
31.07.2012 10:00:00.000 GMT+1000,3.4229,3.4559,3.4108,3.4140,0.2269
01.08.2012 10:00:00.000 GMT+1000,3.4149,3.4250,3.3448,3.3659,0.2529
02.08.2012 10:00:00.000 GMT+1000,3.3648,3.3830,3.2878,3.3058,0.3388
03.08.2012 10:00:00.000 GMT+1000,3.3049,3.3730,3.2979,3.3648,0.2388
04.08.2012 10:00:00.000 GMT+1000,3.3648,3.3648,3.3648,3.3648,0
05.08.2012 10:00:00.000 GMT+1000,3.3658,3.3660,3.3568,3.3639,0.0076
06.08.2012 10:00:00.000 GMT+1000,3.3629,3.3910,3.3429,3.3749,0.1716
07.08.2012 10:00:00.000 GMT+1000,3.3760,3.4480,3.3688,3.4209,0.172
08.08.2012 10:00:00.000 GMT+1000,3.4219,3.4319,3.4020,3.4180,0.1787
09.08.2012 10:00:00.000 GMT+1000,3.4189,3.4420,3.4028,3.4169,0.1601
10.08.2012 10:00:00.000 GMT+1000,3.4158,3.4228,3.3598,3.4009,0.1538
11.08.2012 10:00:00.000 GMT+1000,3.4009,3.4009,3.4009,3.4009,0
12.08.2012 10:00:00.000 GMT+1000,3.3956,3.4000,3.3956,3.3959,0.0035
13.08.2012 10:00:00.000 GMT+1000,3.3949,3.3979,3.3408,3.3538,0.1327
14.08.2012 10:00:00.000 GMT+1000,3.3530,3.3789,3.3358,3.3519,0.1465
15.08.2012 10:00:00.000 GMT+1000,3.3528,3.3710,3.3329,3.3530,0.1448
16.08.2012 10:00:00.000 GMT+1000,3.3520,3.3860,3.3408,3.3820,0.1382
17.08.2012 10:00:00.000 GMT+1000,3.3809,3.4240,3.3739,3.4140,0.1205
18.08.2012 10:00:00.000 GMT+1000,3.4140,3.4140,3.4140,3.4140,0
19.08.2012 10:00:00.000 GMT+1000,3.4148,3.4210,3.4148,3.4170,0.004
20.08.2012 10:00:00.000 GMT+1000,3.4180,3.4180,3.3528,3.3790,0.1316
21.08.2012 10:00:00.000 GMT+1000,3.3779,3.4650,3.3688,3.4390,0.2048
22.08.2012 10:00:00.000 GMT+1000,3.4378,3.4839,3.4279,3.4700,0.1833
23.08.2012 10:00:00.000 GMT+1000,3.4688,3.5110,3.4618,3.4730,0.2133
24.08.2012 10:00:00.000 GMT+1000,3.4740,3.4930,3.4548,3.4789,0.1708
25.08.2012 10:00:00.000 GMT+1000,3.4789,3.4789,3.4789,3.4789,0
26.08.2012 10:00:00.000 GMT+1000,3.4809,3.4988,3.4804,3.4949,0.0053
27.08.2012 10:00:00.000 GMT+1000,3.4940,3.5099,3.4669,3.4749,0.1288
28.08.2012 10:00:00.000 GMT+1000,3.4739,3.4760,3.4478,3.4720,0.1334
29.08.2012 10:00:00.000 GMT+1000,3.4709,3.4710,3.4268,3.4379,0.1251
30.08.2012 10:00:00.000 GMT+1000,3.4389,3.4938,3.4319,3.4419,0.1239
31.08.2012 10:00:00.000 GMT+1000,3.4429,3.4670,3.4068,3.4589,0.1613
01.09.2012 10:00:00.000 GMT+1000,3.4589,3.4589,3.4589,3.4589,0
02.09.2012 10:00:00.000 GMT+1000,3.4490,3.4570,3.4418,3.4539,0.0085
03.09.2012 10:00:00.000 GMT+1000,3.4519,3.4989,3.4318,3.4850,0.1139
04.09.2012 10:00:00.000 GMT+1000,3.4838,3.4949,3.4608,3.4678,0.1457
05.09.2012 10:00:00.000 GMT+1000,3.4698,3.5320,3.4459,3.5210,0.1746
06.09.2012 10:00:00.000 GMT+1000,3.5198,3.5380,3.4927,3.5108,0.2002
07.09.2012 10:00:00.000 GMT+1000,3.5100,3.6519,3.5038,3.6430,0.2128
08.09.2012 10:00:00.000 GMT+1000,3.6430,3.6430,3.6430,3.6430,0
09.09.2012 10:00:00.000 GMT+1000,3.6419,3.6469,3.6398,3.6449,0.0074
10.09.2012 10:00:00.000 GMT+1000,3.6440,3.6988,3.6319,3.6720,0.1823
11.09.2012 10:00:00.000 GMT+1000,3.6730,3.7109,3.6478,3.6830,0.179
12.09.2012 10:00:00.000 GMT+1000,3.6820,3.7298,3.6628,3.6849,0.208
13.09.2012 10:00:00.000 GMT+1000,3.6839,3.7480,3.6579,3.7339,0.2208
14.09.2012 10:00:00.000 GMT+1000,3.7329,3.8370,3.7329,3.8166,0.2533
15.09.2012 10:00:00.000 GMT+1000,3.8166,3.8166,3.8166,3.8166,0
16.09.2012 10:00:00.000 GMT+1000,3.8269,3.8289,3.8129,3.8199,0.0063
17.09.2012 10:00:00.000 GMT+1000,3.8189,3.8248,3.7269,3.7618,0.1766
18.09.2012 10:00:00.000 GMT+1000,3.7630,3.7969,3.7439,3.7919,0.1856
19.09.2012 10:00:00.000 GMT+1000,3.7909,3.8378,3.7818,3.7980,0.1943
20.09.2012 10:00:00.000 GMT+1000,3.7969,3.8070,3.7328,3.7779,0.1867
21.09.2012 10:00:00.000 GMT+1000,3.7769,3.8080,3.7699,3.7729,0.2338
22.09.2012 10:00:00.000 GMT+1000,3.7729,3.7729,3.7729,3.7729,0
23.09.2012 10:00:00.000 GMT+1000,3.7689,3.7720,3.7639,3.7680,0.0034
24.09.2012 10:00:00.000 GMT+1000,3.7670,3.7679,3.7149,3.7419,0.2001
25.09.2012 10:00:00.000 GMT+1000,3.7409,3.7829,3.7308,3.7360,0.1984
26.09.2012 10:00:00.000 GMT+1000,3.7369,3.7550,3.6798,3.7198,0.1944
27.09.2012 10:00:00.000 GMT+1000,3.7188,3.7470,3.6988,3.7429,0.2219
28.09.2012 10:00:00.000 GMT+1000,3.7419,3.7759,3.7380,3.7519,0.2193
29.09.2012 10:00:00.000 GMT+1000,3.7519,3.7519,3.7519,3.7519,0
30.09.2012 10:00:00.000 GMT+1000,3.7428,3.7460,3.7298,3.7350,0.0083
01.10.2012 10:00:00.000 GMT+1000,3.7360,3.7970,3.7208,3.7738,0.2116
02.10.2012 10:00:00.000 GMT+1000,3.7749,3.8219,3.7679,3.7858,0.1943
03.10.2012 10:00:00.000 GMT+1000,3.7869,3.7889,3.7599,3.7819,0.1812
04.10.2012 10:00:00.000 GMT+1000,3.7809,3.8118,3.7648,3.7848,0.2005
05.10.2012 10:00:00.000 GMT+1000,3.7879,3.8089,3.7488,3.7540,0.1735
06.10.2012 10:00:00.000 GMT+1000,3.7540,3.7540,3.7540,3.7540,0
07.10.2012 11:00:00.000 GMT+1100,3.7570,3.7600,3.7508,3.7570,0.0057
08.10.2012 11:00:00.000 GMT+1100,3.7579,3.7589,3.7019,3.7328,0.1647
09.10.2012 11:00:00.000 GMT+1100,3.7318,3.7520,3.7058,3.7119,0.1893
10.10.2012 11:00:00.000 GMT+1100,3.7109,3.7270,3.6929,3.7058,0.174
11.10.2012 11:00:00.000 GMT+1100,3.7069,3.7769,3.6908,3.7508,0.1818
12.10.2012 11:00:00.000 GMT+1100,3.7519,3.7550,3.6918,3.6938,0.1767
13.10.2012 11:00:00.000 GMT+1100,3.6938,3.6938,3.6938,3.6938,0
14.10.2012 11:00:00.000 GMT+1100,3.6999,3.6999,3.6445,3.6549,0.0223
15.10.2012 11:00:00.000 GMT+1100,3.6558,3.7090,3.6558,3.7000,0.1846
16.10.2012 11:00:00.000 GMT+1100,3.6987,3.7259,3.6858,3.7229,0.1565
17.10.2012 11:00:00.000 GMT+1100,3.7219,3.7540,3.6879,3.7390,0.1648
18.10.2012 11:00:00.000 GMT+1100,3.7399,3.7630,3.7199,3.7359,0.1682
19.10.2012 11:00:00.000 GMT+1100,3.7348,3.7460,3.6260,3.6269,0.1985
20.10.2012 11:00:00.000 GMT+1100,3.6269,3.6269,3.6269,3.6269,0
21.10.2012 11:00:00.000 GMT+1100,3.6280,3.6280,3.6106,3.6229,0.0148
22.10.2012 11:00:00.000 GMT+1100,3.6239,3.6519,3.6078,3.6278,0.1607
23.10.2012 11:00:00.000 GMT+1100,3.6269,3.6400,3.5468,3.5770,0.1922
24.10.2012 11:00:00.000 GMT+1100,3.5760,3.5969,3.5478,3.5760,0.1984
25.10.2012 11:00:00.000 GMT+1100,3.5769,3.5890,3.5368,3.5609,0.1677
26.10.2012 11:00:00.000 GMT+1100,3.5599,3.5680,3.5218,3.5568,0.2143
27.10.2012 11:00:00.000 GMT+1100,3.5568,3.5568,3.5568,3.5568,0
28.10.2012 11:00:00.000 GMT+1100,3.5598,3.5600,3.5397,3.5489,0.0067
29.10.2012 11:00:00.000 GMT+1100,3.5500,3.5600,3.4808,3.4978,0.1418
30.10.2012 11:00:00.000 GMT+1100,3.4989,3.5318,3.4979,3.5129,0.1169
31.10.2012 11:00:00.000 GMT+1100,3.5139,3.5580,3.5078,3.5189,0.1581
01.11.2012 11:00:00.000 GMT+1100,3.5179,3.5680,3.5178,3.5559,0.1608
02.11.2012 11:00:00.000 GMT+1100,3.5549,3.5559,3.4717,3.4838,0.1803
03.11.2012 11:00:00.000 GMT+1100,3.4838,3.4838,3.4838,3.4838,0
04.11.2012 11:00:00.000 GMT+1100,3.4759,3.4920,3.4756,3.4900,0.0047
05.11.2012 11:00:00.000 GMT+1100,3.4889,3.5010,3.4478,3.4839,0.1437
06.11.2012 11:00:00.000 GMT+1100,3.4848,3.5209,3.4688,3.5060,0.1575
07.11.2012 11:00:00.000 GMT+1100,3.5050,3.5430,3.4298,3.4459,0.2647
08.11.2012 11:00:00.000 GMT+1100,3.4439,3.4730,3.4328,3.4678,0.2029
09.11.2012 11:00:00.000 GMT+1100,3.4689,3.4910,3.4018,3.4450,0.2168
10.11.2012 11:00:00.000 GMT+1100,3.4450,3.4450,3.4450,3.4450,0
11.11.2012 11:00:00.000 GMT+1100,3.4459,3.4608,3.4450,3.4518,0.0048
12.11.2012 11:00:00.000 GMT+1100,3.4530,3.4748,3.4289,3.4599,0.1636
13.11.2012 11:00:00.000 GMT+1100,3.4610,3.4969,3.4209,3.4688,0.1946
14.11.2012 11:00:00.000 GMT+1100,3.4699,3.4908,3.4409,3.4478,0.1795
15.11.2012 11:00:00.000 GMT+1100,3.4470,3.4780,3.4398,3.4710,0.1828
16.11.2012 11:00:00.000 GMT+1100,3.4697,3.4730,3.4228,3.4499,0.1915
17.11.2012 11:00:00.000 GMT+1100,3.4499,3.4499,3.4499,3.4499,0
18.11.2012 11:00:00.000 GMT+1100,3.4550,3.4800,3.4550,3.4748,0.0036
19.11.2012 11:00:00.000 GMT+1100,3.4759,3.5390,3.4638,3.5140,0.1444
20.11.2012 11:00:00.000 GMT+1100,3.5128,3.5330,3.5039,3.5239,0.1428
21.11.2012 11:00:00.000 GMT+1100,3.5229,3.5240,3.4709,3.5138,0.1474
22.11.2012 11:00:00.000 GMT+1100,3.5138,3.5138,3.5138,3.5138,0
23.11.2012 11:00:00.000 GMT+1100,3.4868,3.5290,3.4868,3.5228,0.1212
24.11.2012 11:00:00.000 GMT+1100,3.5228,3.5228,3.5228,3.5228,0
25.11.2012 11:00:00.000 GMT+1100,3.5330,3.5400,3.5218,3.5228,0.0045
26.11.2012 11:00:00.000 GMT+1100,3.5239,3.5390,3.5058,3.5379,0.1309
27.11.2012 11:00:00.000 GMT+1100,3.5389,3.5519,3.5158,3.5279,0.1413
28.11.2012 11:00:00.000 GMT+1100,3.5289,3.5369,3.4800,3.5223,0.1712
29.11.2012 11:00:00.000 GMT+1100,3.5299,3.6050,3.5220,3.5959,0.1707
30.11.2012 11:00:00.000 GMT+1100,3.5969,3.6499,3.5909,3.6409,0.149
01.12.2012 11:00:00.000 GMT+1100,3.6409,3.6409,3.6409,3.6409,0
02.12.2012 11:00:00.000 GMT+1100,3.6459,3.6470,3.6428,3.6460,0.0021
03.12.2012 11:00:00.000 GMT+1100,3.6447,3.6659,3.6408,3.6559,0.1322
04.12.2012 11:00:00.000 GMT+1100,3.6549,3.6779,3.6328,3.6569,0.1412
05.12.2012 11:00:00.000 GMT+1100,3.6559,3.6920,3.6499,3.6749,0.1513
06.12.2012 11:00:00.000 GMT+1100,3.6728,3.6880,3.6318,3.6459,0.1729
07.12.2012 11:00:00.000 GMT+1100,3.6470,3.6779,3.6408,3.6660,0.1529
08.12.2012 11:00:00.000 GMT+1100,3.6660,3.6660,3.6660,3.6660,0
09.12.2012 11:00:00.000 GMT+1100,3.6649,3.6669,3.6598,3.6659,0.0058
10.12.2012 11:00:00.000 GMT+1100,3.6650,3.7180,3.6639,3.7037,0.1218
11.12.2012 11:00:00.000 GMT+1100,3.7050,3.7060,3.6818,3.6889,0.1012
12.12.2012 11:00:00.000 GMT+1100,3.6879,3.7190,3.6740,3.7038,0.122
13.12.2012 11:00:00.000 GMT+1100,3.7029,3.7050,3.6519,3.6690,0.1377
14.12.2012 11:00:00.000 GMT+1100,3.6699,3.6930,3.6628,3.6739,0.1081
15.12.2012 11:00:00.000 GMT+1100,3.6739,3.6739,3.6739,3.6739,0
16.12.2012 11:00:00.000 GMT+1100,3.6829,3.6859,3.6789,3.6799,0.0042
17.12.2012 11:00:00.000 GMT+1100,3.6808,3.6920,3.6468,3.6739,0.1149
18.12.2012 11:00:00.000 GMT+1100,3.6728,3.6850,3.6388,3.6539,0.1165
19.12.2012 11:00:00.000 GMT+1100,3.6529,3.6609,3.5969,3.6069,0.1175
20.12.2012 11:00:00.000 GMT+1100,3.6079,3.6129,3.5218,3.5399,0.1247
21.12.2012 11:00:00.000 GMT+1100,3.5390,3.5780,3.5339,3.5648,0.1314
22.12.2012 11:00:00.000 GMT+1100,3.5648,3.5648,3.5648,3.5648,0
23.12.2012 11:00:00.000 GMT+1100,3.5600,3.5670,3.5600,3.5640,0.0018
24.12.2012 11:00:00.000 GMT+1100,3.5629,3.5780,3.5468,3.5498,0.0637
25.12.2012 11:00:00.000 GMT+1100,3.5498,3.5498,3.5498,3.5498,0
26.12.2012 11:00:00.000 GMT+1100,3.5640,3.6119,3.5610,3.5949,0.0432
27.12.2012 11:00:00.000 GMT+1100,3.5959,3.6110,3.5879,3.6050,0.1079
28.12.2012 11:00:00.000 GMT+1100,3.6038,3.6209,3.5849,3.5888,0.0852
29.12.2012 11:00:00.000 GMT+1100,3.5888,3.5888,3.5888,3.5888,0
30.12.2012 11:00:00.000 GMT+1100,3.5859,3.5880,3.5809,3.5839,0.0043
31.12.2012 11:00:00.000 GMT+1100,3.5878,3.6258,3.5848,3.6139,0.0911
01.01.2013 11:00:00.000 GMT+1100,3.6139,3.6139,3.6139,3.6139,0
02.01.2013 11:00:00.000 GMT+1100,3.6789,3.7579,3.6759,3.7359,0.1149
03.01.2013 11:00:00.000 GMT+1100,3.7350,3.7580,3.6898,3.6959,0.1439
04.01.2013 11:00:00.000 GMT+1100,3.6969,3.7060,3.6699,3.6980,0.1661
05.01.2013 11:00:00.000 GMT+1100,3.6980,3.6980,3.6980,3.6980,0
06.01.2013 11:00:00.000 GMT+1100,3.7079,3.7079,3.6988,3.7018,0.0035
07.01.2013 11:00:00.000 GMT+1100,3.7010,3.7010,3.6518,3.6868,0.1192
08.01.2013 11:00:00.000 GMT+1100,3.6879,3.6908,3.6588,3.6810,0.1237
09.01.2013 11:00:00.000 GMT+1100,3.6818,3.7060,3.6638,3.6700,0.122
10.01.2013 11:00:00.000 GMT+1100,3.6689,3.7169,3.6648,3.7119,0.1386
11.01.2013 11:00:00.000 GMT+1100,3.7110,3.7159,3.6519,3.6589,0.1307
12.01.2013 11:00:00.000 GMT+1100,3.6589,3.6589,3.6589,3.6589,0
13.01.2013 11:00:00.000 GMT+1100,3.6580,3.6649,3.6576,3.6607,0.0019
14.01.2013 11:00:00.000 GMT+1100,3.6620,3.6879,3.6318,3.6429,0.1204
15.01.2013 11:00:00.000 GMT+1100,3.6440,3.6500,3.6049,3.6369,0.137
16.01.2013 11:00:00.000 GMT+1100,3.6359,3.6440,3.5988,3.6158,0.1189
17.01.2013 11:00:00.000 GMT+1100,3.6168,3.6660,3.5998,3.6558,0.144
18.01.2013 11:00:00.000 GMT+1100,3.6570,3.6960,3.6538,3.6748,0.1365
19.01.2013 11:00:00.000 GMT+1100,3.6748,3.6748,3.6748,3.6748,0
20.01.2013 11:00:00.000 GMT+1100,3.6740,3.6809,3.6719,3.6808,0.0027
21.01.2013 11:00:00.000 GMT+1100,3.6800,3.6810,3.6610,3.6690,0.0666
22.01.2013 11:00:00.000 GMT+1100,3.6679,3.7080,3.6668,3.7059,0.1242
23.01.2013 11:00:00.000 GMT+1100,3.7049,3.7100,3.6708,3.6759,0.1052
24.01.2013 11:00:00.000 GMT+1100,3.6748,3.6950,3.6598,3.6738,0.1331
25.01.2013 11:00:00.000 GMT+1100,3.6729,3.6980,3.6399,3.6548,0.1187
26.01.2013 11:00:00.000 GMT+1100,3.6548,3.6548,3.6548,3.6548,0
27.01.2013 11:00:00.000 GMT+1100,3.6569,3.6590,3.6539,3.6568,0.0023
28.01.2013 11:00:00.000 GMT+1100,3.6558,3.6759,3.6429,3.6639,0.0988
29.01.2013 11:00:00.000 GMT+1100,3.6628,3.6929,3.6528,3.6898,0.1108
30.01.2013 11:00:00.000 GMT+1100,3.6908,3.7548,3.6819,3.7499,0.1505
31.01.2013 11:00:00.000 GMT+1100,3.7488,3.7710,3.7159,3.7349,0.1418
01.02.2013 11:00:00.000 GMT+1100,3.7340,3.7850,3.7189,3.7768,0.1399
02.02.2013 11:00:00.000 GMT+1100,3.7768,3.7768,3.7768,3.7768,0
03.02.2013 11:00:00.000 GMT+1100,3.7889,3.7890,3.7818,3.7830,0.002
04.02.2013 11:00:00.000 GMT+1100,3.7818,3.7909,3.7608,3.7658,0.1261
05.02.2013 11:00:00.000 GMT+1100,3.7669,3.7810,3.7559,3.7708,0.1189
06.02.2013 11:00:00.000 GMT+1100,3.7699,3.7820,3.7308,3.7499,0.12
07.02.2013 11:00:00.000 GMT+1100,3.7508,3.7569,3.7200,3.7268,0.1436
08.02.2013 11:00:00.000 GMT+1100,3.7258,3.7729,3.7258,3.7580,0.1208
09.02.2013 11:00:00.000 GMT+1100,3.7580,3.7580,3.7580,3.7580,0
10.02.2013 11:00:00.000 GMT+1100,3.7548,3.7630,3.7548,3.7618,0.0013
11.02.2013 11:00:00.000 GMT+1100,3.7628,3.7680,3.7088,3.7229,0.09
12.02.2013 11:00:00.000 GMT+1100,3.7239,3.7490,3.7088,3.7477,0.1006
13.02.2013 11:00:00.000 GMT+1100,3.7469,3.7610,3.7249,3.7398,0.1002
14.02.2013 11:00:00.000 GMT+1100,3.7409,3.7500,3.7268,3.7419,0.0973
15.02.2013 11:00:00.000 GMT+1100,3.7410,3.7510,3.7180,3.7347,0.1096
16.02.2013 11:00:00.000 GMT+1100,3.7347,3.7347,3.7347,3.7347,0
17.02.2013 11:00:00.000 GMT+1100,3.7429,3.7430,3.7398,3.7429,0.0021
18.02.2013 11:00:00.000 GMT+1100,3.7439,3.7450,3.6778,3.6899,0.0759
19.02.2013 11:00:00.000 GMT+1100,3.6910,3.6970,3.6438,3.6549,0.1206
20.02.2013 11:00:00.000 GMT+1100,3.6538,3.6690,3.5887,3.5998,0.1776
21.02.2013 11:00:00.000 GMT+1100,3.5979,3.6070,3.5359,3.5638,0.1766
22.02.2013 11:00:00.000 GMT+1100,3.5628,3.5880,3.5238,3.5367,0.1434
23.02.2013 11:00:00.000 GMT+1100,3.5367,3.5367,3.5367,3.5367,0
24.02.2013 11:00:00.000 GMT+1100,3.5360,3.5440,3.5358,3.5428,0.0029
25.02.2013 11:00:00.000 GMT+1100,3.5419,3.5709,3.5159,3.5269,0.1772
26.02.2013 11:00:00.000 GMT+1100,3.5279,3.5740,3.5149,3.5678,0.2029
27.02.2013 11:00:00.000 GMT+1100,3.5687,3.5780,3.5411,3.5768,0.1163
28.02.2013 11:00:00.000 GMT+1100,3.5759,3.6009,3.5438,3.5539,0.1386
01.03.2013 11:00:00.000 GMT+1100,3.5550,3.5570,3.4719,3.5118,0.174
02.03.2013 11:00:00.000 GMT+1100,3.5118,3.5118,3.5118,3.5118,0
03.03.2013 11:00:00.000 GMT+1100,3.5009,3.5088,3.4998,3.5069,0.0018
04.03.2013 11:00:00.000 GMT+1100,3.5079,3.5249,3.4809,3.5178,0.1682
05.03.2013 11:00:00.000 GMT+1100,3.5169,3.5430,3.5138,3.5269,0.116
06.03.2013 11:00:00.000 GMT+1100,3.5259,3.5399,3.4860,3.5050,0.12
07.03.2013 11:00:00.000 GMT+1100,3.5040,3.5329,3.4918,3.5219,0.123
08.03.2013 11:00:00.000 GMT+1100,3.5207,3.5320,3.4978,3.5129,0.1395
09.03.2013 11:00:00.000 GMT+1100,3.5129,3.5129,3.5129,3.5129,0
10.03.2013 11:00:00.000 GMT+1100,3.5029,3.5040,3.4939,3.5029,0.0088
11.03.2013 11:00:00.000 GMT+1100,3.5039,3.5259,3.4748,3.5229,0.1207
12.03.2013 11:00:00.000 GMT+1100,3.5240,3.5750,3.4988,3.5528,0.1439
13.03.2013 11:00:00.000 GMT+1100,3.5539,3.5658,3.5208,3.5269,0.1125
14.03.2013 11:00:00.000 GMT+1100,3.5259,3.5480,3.5108,3.5348,0.1092
15.03.2013 11:00:00.000 GMT+1100,3.5359,3.5580,3.5138,3.5159,0.1168
16.03.2013 11:00:00.000 GMT+1100,3.5159,3.5159,3.5159,3.5159,0
17.03.2013 11:00:00.000 GMT+1100,3.5069,3.5078,3.4789,3.4890,0.0124
18.03.2013 11:00:00.000 GMT+1100,3.4899,3.4939,3.4117,3.4239,0.1993
19.03.2013 11:00:00.000 GMT+1100,3.4230,3.4399,3.3878,3.3999,0.1368
20.03.2013 11:00:00.000 GMT+1100,3.4008,3.4520,3.3910,3.4398,0.1331
21.03.2013 11:00:00.000 GMT+1100,3.4409,3.4928,3.4198,3.4439,0.1614
22.03.2013 11:00:00.000 GMT+1100,3.4429,3.4760,3.4308,3.4680,0.1345
23.03.2013 11:00:00.000 GMT+1100,3.4680,3.4680,3.4680,3.4680,0
24.03.2013 11:00:00.000 GMT+1100,3.4668,3.4759,3.4660,3.4720,0.0046
25.03.2013 11:00:00.000 GMT+1100,3.4709,3.4850,3.4368,3.4528,0.1341
26.03.2013 11:00:00.000 GMT+1100,3.4539,3.4750,3.4378,3.4569,0.1245
27.03.2013 11:00:00.000 GMT+1100,3.4580,3.4590,3.4239,3.4560,0.1167
28.03.2013 11:00:00.000 GMT+1100,3.4568,3.4610,3.3958,3.4039,0.1278
29.03.2013 11:00:00.000 GMT+1100,3.4039,3.4039,3.4039,3.4039,0
30.03.2013 11:00:00.000 GMT+1100,3.4039,3.4039,3.4039,3.4039,0
31.03.2013 11:00:00.000 GMT+1100,3.3998,3.4020,3.3578,3.3669,0.0145
01.04.2013 11:00:00.000 GMT+1100,3.3680,3.3760,3.3389,3.3719,0.1155
02.04.2013 11:00:00.000 GMT+1100,3.3729,3.3849,3.3578,3.3729,0.1513
03.04.2013 11:00:00.000 GMT+1100,3.3719,3.3850,3.3238,3.3270,0.139
04.04.2013 11:00:00.000 GMT+1100,3.3278,3.3710,3.3049,3.3539,0.1563
05.04.2013 11:00:00.000 GMT+1100,3.3549,3.3690,3.3289,3.3429,0.1221
06.04.2013 11:00:00.000 GMT+1100,3.3429,3.3429,3.3429,3.3429,0
07.04.2013 10:00:00.000 GMT+1000,3.3410,3.3530,3.3410,3.3448,0.0065
08.04.2013 10:00:00.000 GMT+1000,3.3460,3.3930,3.3378,3.3769,0.1324
09.04.2013 10:00:00.000 GMT+1000,3.3760,3.4509,3.3760,3.4410,0.1562
10.04.2013 10:00:00.000 GMT+1000,3.4390,3.4399,3.4008,3.4118,0.1211
11.04.2013 10:00:00.000 GMT+1000,3.4130,3.4408,3.3878,3.4289,0.1408
12.04.2013 10:00:00.000 GMT+1000,3.4298,3.4319,3.3258,3.3339,0.1653
13.04.2013 10:00:00.000 GMT+1000,3.3339,3.3339,3.3339,3.3339,0
14.04.2013 10:00:00.000 GMT+1000,3.3313,3.3440,3.3288,3.3417,0.0048
15.04.2013 10:00:00.000 GMT+1000,3.3428,3.3529,3.1928,3.2677,0.3321
16.04.2013 10:00:00.000 GMT+1000,3.2689,3.3150,3.2219,3.3110,0.235
17.04.2013 10:00:00.000 GMT+1000,3.3099,3.3099,3.1579,3.1588,0.2307
18.04.2013 10:00:00.000 GMT+1000,3.1599,3.2100,3.0609,3.1895,0.3987
19.04.2013 10:00:00.000 GMT+1000,3.1915,3.1978,3.1077,3.1457,0.2985
20.04.2013 10:00:00.000 GMT+1000,3.1457,3.1457,3.1457,3.1457,0
21.04.2013 10:00:00.000 GMT+1000,3.1478,3.1478,3.1260,3.1279,0.0085
22.04.2013 10:00:00.000 GMT+1000,3.1290,3.1639,3.0819,3.1289,0.2574
23.04.2013 10:00:00.000 GMT+1000,3.1279,3.1309,3.0578,3.0849,0.2819
24.04.2013 10:00:00.000 GMT+1000,3.0839,3.1880,3.0838,3.1560,0.2489
25.04.2013 10:00:00.000 GMT+1000,3.1570,3.2580,3.1548,3.2520,0.2622
26.04.2013 10:00:00.000 GMT+1000,3.2509,3.2809,3.1738,3.1779,0.234
27.04.2013 10:00:00.000 GMT+1000,3.1779,3.1779,3.1779,3.1779,0
28.04.2013 10:00:00.000 GMT+1000,3.1749,3.1760,3.1482,3.1579,0.0021
29.04.2013 10:00:00.000 GMT+1000,3.1620,3.2398,3.1548,3.2148,0.14
30.04.2013 10:00:00.000 GMT+1000,3.2179,3.2460,3.1718,3.1918,0.1649
01.05.2013 10:00:00.000 GMT+1000,3.1930,3.1939,3.0427,3.0778,0.1867
02.05.2013 10:00:00.000 GMT+1000,3.0767,3.1368,3.0669,3.1250,0.2464
03.05.2013 10:00:00.000 GMT+1000,3.1238,3.3160,3.1128,3.3078,0.3192
04.05.2013 10:00:00.000 GMT+1000,3.3078,3.3078,3.3078,3.3078,0
05.05.2013 10:00:00.000 GMT+1000,3.3019,3.3029,3.2898,3.2960,0.0088
06.05.2013 10:00:00.000 GMT+1000,3.2950,3.3290,3.2819,3.2919,0.1705
07.05.2013 10:00:00.000 GMT+1000,3.2930,3.3459,3.2630,3.3039,0.2669
08.05.2013 10:00:00.000 GMT+1000,3.3019,3.3979,3.2617,3.3738,0.2893
09.05.2013 10:00:00.000 GMT+1000,3.3747,3.3758,3.3138,3.3208,0.2342
10.05.2013 10:00:00.000 GMT+1000,3.3219,3.3840,3.3027,3.3778,0.2648
11.05.2013 10:00:00.000 GMT+1000,3.3778,3.3778,3.3778,3.3778,0
12.05.2013 10:00:00.000 GMT+1000,3.3758,3.3770,3.3598,3.3659,0.01
13.05.2013 10:00:00.000 GMT+1000,3.3649,3.3770,3.3358,3.3528,0.1965
14.05.2013 10:00:00.000 GMT+1000,3.3559,3.3780,3.2738,3.3059,0.2139
15.05.2013 10:00:00.000 GMT+1000,3.3000,3.3099,3.2228,3.2660,0.2339
16.05.2013 10:00:00.000 GMT+1000,3.2649,3.3110,3.2309,3.2820,0.2452
17.05.2013 10:00:00.000 GMT+1000,3.2839,3.3450,3.2828,3.3140,0.2173
18.05.2013 10:00:00.000 GMT+1000,3.3140,3.3140,3.3140,3.3140,0
19.05.2013 10:00:00.000 GMT+1000,3.3179,3.3209,3.2699,3.3039,0.0188
20.05.2013 10:00:00.000 GMT+1000,3.3049,3.3720,3.2800,3.3458,0.2322
21.05.2013 10:00:00.000 GMT+1000,3.3470,3.3790,3.3218,3.3418,0.2197
22.05.2013 10:00:00.000 GMT+1000,3.3406,3.4179,3.3378,3.3609,0.255
23.05.2013 10:00:00.000 GMT+1000,3.3638,3.3690,3.2667,3.3138,0.2932
24.05.2013 10:00:00.000 GMT+1000,3.3150,3.3290,3.2809,3.2938,0.1998
25.05.2013 10:00:00.000 GMT+1000,3.2938,3.2938,3.2938,3.2938,0
26.05.2013 10:00:00.000 GMT+1000,3.2908,3.3079,3.2900,3.3030,0.0035
27.05.2013 10:00:00.000 GMT+1000,3.3039,3.3070,3.2819,3.3048,0.0656
28.05.2013 10:00:00.000 GMT+1000,3.3039,3.3439,3.2668,3.3028,0.288
29.05.2013 10:00:00.000 GMT+1000,3.3039,3.3230,3.2709,3.2919,0.1862
30.05.2013 10:00:00.000 GMT+1000,3.2908,3.3270,3.2559,3.3118,0.2075
31.05.2013 10:00:00.000 GMT+1000,3.3110,3.3299,3.2648,3.2699,0.1698
01.06.2013 10:00:00.000 GMT+1000,3.2699,3.2699,3.2699,3.2699,0
02.06.2013 10:00:00.000 GMT+1000,3.2885,3.3029,3.2885,3.2960,0.0129
03.06.2013 10:00:00.000 GMT+1000,3.2969,3.3459,3.2959,3.3339,0.1949
04.06.2013 10:00:00.000 GMT+1000,3.3328,3.3759,3.3210,3.3690,0.1847
05.06.2013 10:00:00.000 GMT+1000,3.3700,3.3970,3.3478,3.3649,0.2004
06.06.2013 10:00:00.000 GMT+1000,3.3620,3.3700,3.3028,3.3310,0.2088
07.06.2013 10:00:00.000 GMT+1000,3.3269,3.3420,3.2510,3.2669,0.2255
08.06.2013 10:00:00.000 GMT+1000,3.2669,3.2669,3.2669,3.2669,0
09.06.2013 10:00:00.000 GMT+1000,3.2670,3.2670,3.1994,3.2277,0.012
10.06.2013 10:00:00.000 GMT+1000,3.2319,3.2839,3.2159,3.2538,0.1617
11.06.2013 10:00:00.000 GMT+1000,3.2529,3.2620,3.1617,3.1679,0.161
12.06.2013 10:00:00.000 GMT+1000,3.1698,3.2310,3.1668,3.2129,0.1476
13.06.2013 10:00:00.000 GMT+1000,3.2120,3.2420,3.1609,3.2087,0.2245
14.06.2013 10:00:00.000 GMT+1000,3.2060,3.2230,3.1868,3.1989,0.1775
15.06.2013 10:00:00.000 GMT+1000,3.1989,3.1989,3.1989,3.1989,0
16.06.2013 10:00:00.000 GMT+1000,3.1969,3.1969,3.1926,3.1938,0.0034
17.06.2013 10:00:00.000 GMT+1000,3.1927,3.2370,3.1809,3.2060,0.1611
18.06.2013 10:00:00.000 GMT+1000,3.2050,3.2178,3.1379,3.1639,0.1921
19.06.2013 10:00:00.000 GMT+1000,3.1629,3.1729,3.1070,3.1168,0.1803
20.06.2013 10:00:00.000 GMT+1000,3.1180,3.1230,3.0250,3.0339,0.2795
21.06.2013 10:00:00.000 GMT+1000,3.0388,3.1040,3.0178,3.0947,0.258
22.06.2013 10:00:00.000 GMT+1000,3.0947,3.0947,3.0947,3.0947,0
23.06.2013 10:00:00.000 GMT+1000,3.0857,3.0930,3.0829,3.0848,0.0079
24.06.2013 10:00:00.000 GMT+1000,3.0859,3.0870,2.9868,3.0308,0.2882
25.06.2013 10:00:00.000 GMT+1000,3.0319,3.0869,2.9828,3.0639,0.2786
26.06.2013 10:00:00.000 GMT+1000,3.0629,3.0900,3.0158,3.0527,0.2933
27.06.2013 10:00:00.000 GMT+1000,3.0560,3.0780,3.0205,3.0488,0.2165
28.06.2013 10:00:00.000 GMT+1000,3.0509,3.0879,3.0149,3.0588,0.2451
29.06.2013 10:00:00.000 GMT+1000,3.0588,3.0588,3.0588,3.0588,0
30.06.2013 10:00:00.000 GMT+1000,3.0399,3.0770,3.0357,3.0659,0.0102
01.07.2013 10:00:00.000 GMT+1000,3.0649,3.1718,3.0389,3.1540,0.2167
02.07.2013 10:00:00.000 GMT+1000,3.1529,3.1650,3.1259,3.1459,0.1998
03.07.2013 10:00:00.000 GMT+1000,3.1449,3.1779,3.1358,3.1746,0.2028
04.07.2013 10:00:00.000 GMT+1000,3.1740,3.1750,3.1388,3.1460,0.1305
05.07.2013 10:00:00.000 GMT+1000,3.1469,3.1549,3.0479,3.0689,0.2028
06.07.2013 10:00:00.000 GMT+1000,3.0689,3.0689,3.0689,3.0689,0
07.07.2013 10:00:00.000 GMT+1000,3.0759,3.0780,3.0689,3.0699,0.0051
08.07.2013 10:00:00.000 GMT+1000,3.0707,3.1090,3.0569,3.0928,0.1724
09.07.2013 10:00:00.000 GMT+1000,3.0939,3.1150,3.0238,3.0649,0.2132
10.07.2013 10:00:00.000 GMT+1000,3.0658,3.1489,3.0298,3.1448,0.2472
11.07.2013 10:00:00.000 GMT+1000,3.1347,3.2000,3.1238,3.1850,0.2828
12.07.2013 10:00:00.000 GMT+1000,3.1799,3.1920,3.1350,3.1519,0.1755
13.07.2013 10:00:00.000 GMT+1000,3.1519,3.1519,3.1519,3.1519,0
14.07.2013 10:00:00.000 GMT+1000,3.1558,3.1570,3.1418,3.1479,0.0046
15.07.2013 10:00:00.000 GMT+1000,3.1489,3.1680,3.1239,3.1480,0.1884
16.07.2013 10:00:00.000 GMT+1000,3.1456,3.1900,3.1318,3.1739,0.1745
17.07.2013 10:00:00.000 GMT+1000,3.1749,3.1968,3.1118,3.1318,0.2321
18.07.2013 10:00:00.000 GMT+1000,3.1309,3.1389,3.1059,3.1310,0.1726
19.07.2013 10:00:00.000 GMT+1000,3.1319,3.1609,3.1118,3.1450,0.1636
20.07.2013 10:00:00.000 GMT+1000,3.1450,3.1450,3.1450,3.1450,0
21.07.2013 10:00:00.000 GMT+1000,3.1478,3.1750,3.1419,3.1678,0.0105
22.07.2013 10:00:00.000 GMT+1000,3.1668,3.2080,3.1479,3.1820,0.1833
23.07.2013 10:00:00.000 GMT+1000,3.1810,3.2158,3.1476,3.2049,0.2352
24.07.2013 10:00:00.000 GMT+1000,3.2029,3.2329,3.1639,3.1870,0.2372
25.07.2013 10:00:00.000 GMT+1000,3.1880,3.1950,3.1488,3.1868,0.1976
26.07.2013 10:00:00.000 GMT+1000,3.1878,3.1929,3.0938,3.1040,0.1879
27.07.2013 10:00:00.000 GMT+1000,3.1040,3.1040,3.1040,3.1040,0
28.07.2013 10:00:00.000 GMT+1000,3.1049,3.1120,3.0854,3.0939,0.008
29.07.2013 10:00:00.000 GMT+1000,3.0930,3.1160,3.0849,3.1009,0.1858
30.07.2013 10:00:00.000 GMT+1000,3.1029,3.1079,3.0348,3.0398,0.1537
31.07.2013 10:00:00.000 GMT+1000,3.0409,3.1259,3.0388,3.1129,0.2209
01.08.2013 10:00:00.000 GMT+1000,3.1120,3.1860,3.1017,3.1640,0.2256
02.08.2013 10:00:00.000 GMT+1000,3.1629,3.2050,3.1308,3.1649,0.1897
03.08.2013 10:00:00.000 GMT+1000,3.1649,3.1649,3.1649,3.1649,0
04.08.2013 10:00:00.000 GMT+1000,3.1699,3.1879,3.1676,3.1750,0.0061
05.08.2013 10:00:00.000 GMT+1000,3.1769,3.1790,3.1469,3.1629,0.15
06.08.2013 10:00:00.000 GMT+1000,3.1637,3.2080,3.1468,3.1669,0.1701
07.08.2013 10:00:00.000 GMT+1000,3.1679,3.1880,3.1278,3.1819,0.1781
08.08.2013 10:00:00.000 GMT+1000,3.1829,3.2780,3.1738,3.2609,0.2547
09.08.2013 10:00:00.000 GMT+1000,3.2597,3.3160,3.2409,3.3080,0.206
10.08.2013 10:00:00.000 GMT+1000,3.3080,3.3080,3.3080,3.3080,0
11.08.2013 10:00:00.000 GMT+1000,3.3057,3.3078,3.2989,3.2999,0.0052
12.08.2013 10:00:00.000 GMT+1000,3.3010,3.3280,3.2828,3.3119,0.2019
13.08.2013 10:00:00.000 GMT+1000,3.3110,3.3420,3.2918,3.3109,0.2016
14.08.2013 10:00:00.000 GMT+1000,3.3128,3.3480,3.2938,3.3399,0.203
15.08.2013 10:00:00.000 GMT+1000,3.3409,3.3620,3.2859,3.3459,0.2421
16.08.2013 10:00:00.000 GMT+1000,3.3446,3.3790,3.3379,3.3589,0.2637
17.08.2013 10:00:00.000 GMT+1000,3.3589,3.3589,3.3589,3.3589,0
18.08.2013 10:00:00.000 GMT+1000,3.3660,3.3689,3.3578,3.3659,0.006
19.08.2013 10:00:00.000 GMT+1000,3.3649,3.3720,3.3208,3.3348,0.1939
20.08.2013 10:00:00.000 GMT+1000,3.3359,3.3419,3.3018,3.3258,0.2076
21.08.2013 10:00:00.000 GMT+1000,3.3248,3.3319,3.2858,3.3018,0.2021
22.08.2013 10:00:00.000 GMT+1000,3.3030,3.3670,3.2949,3.3348,0.1951
23.08.2013 10:00:00.000 GMT+1000,3.3339,3.3590,3.3139,3.3530,0.1673
24.08.2013 10:00:00.000 GMT+1000,3.3530,3.3530,3.3530,3.3530,0
25.08.2013 10:00:00.000 GMT+1000,3.3578,3.3679,3.3529,3.3617,0.0011
26.08.2013 10:00:00.000 GMT+1000,3.3629,3.3879,3.2930,3.3288,0.1627
27.08.2013 10:00:00.000 GMT+1000,3.3280,3.3700,3.3068,3.3269,0.2449
28.08.2013 10:00:00.000 GMT+1000,3.3280,3.3449,3.2959,3.3017,0.2344
29.08.2013 10:00:00.000 GMT+1000,3.3028,3.3140,3.2306,3.2518,0.2005
30.08.2013 10:00:00.000 GMT+1000,3.2528,3.2779,3.2218,3.2349,0.1886
31.08.2013 10:00:00.000 GMT+1000,3.2349,3.2349,3.2349,3.2349,0
01.09.2013 10:00:00.000 GMT+1000,3.2610,3.2610,3.2447,3.2509,0.0102
02.09.2013 10:00:00.000 GMT+1000,3.2499,3.3090,3.2449,3.3070,0.1438
03.09.2013 10:00:00.000 GMT+1000,3.3059,3.3220,3.2748,3.3028,0.2083
04.09.2013 10:00:00.000 GMT+1000,3.3038,3.3050,3.2268,3.2518,0.1548
05.09.2013 10:00:00.000 GMT+1000,3.2509,3.2600,3.2198,3.2449,0.1709
06.09.2013 10:00:00.000 GMT+1000,3.2460,3.2860,3.2389,3.2587,0.1545
07.09.2013 10:00:00.000 GMT+1000,3.2587,3.2587,3.2587,3.2587,0
08.09.2013 10:00:00.000 GMT+1000,3.2658,3.2759,3.2576,3.2669,0.007
09.09.2013 10:00:00.000 GMT+1000,3.2658,3.2980,3.2639,3.2809,0.1233
10.09.2013 10:00:00.000 GMT+1000,3.2798,3.2950,3.2518,3.2748,0.1379
11.09.2013 10:00:00.000 GMT+1000,3.2739,3.2820,3.2538,3.2709,0.1234
12.09.2013 10:00:00.000 GMT+1000,3.2697,3.2710,3.1898,3.2039,0.1647
13.09.2013 10:00:00.000 GMT+1000,3.2048,3.2260,3.1898,3.2228,0.1509
14.09.2013 10:00:00.000 GMT+1000,3.2228,3.2228,3.2228,3.2228,0
15.09.2013 10:00:00.000 GMT+1000,3.2508,3.2548,3.2347,3.2380,0.0103
16.09.2013 10:00:00.000 GMT+1000,3.2369,3.2409,3.1978,3.2118,0.1544
17.09.2013 10:00:00.000 GMT+1000,3.2129,3.2390,3.1968,3.2220,0.138
18.09.2013 10:00:00.000 GMT+1000,3.2209,3.3250,3.2049,3.3140,0.1881
19.09.2013 10:00:00.000 GMT+1000,3.3119,3.3540,3.3108,3.3498,0.1434
20.09.2013 10:00:00.000 GMT+1000,3.3489,3.3580,3.3018,3.3050,0.1333
21.09.2013 10:00:00.000 GMT+1000,3.3050,3.3050,3.3050,3.3050,0
22.09.2013 10:00:00.000 GMT+1000,3.3000,3.3110,3.2967,3.3088,0.0108
23.09.2013 10:00:00.000 GMT+1000,3.3078,3.3090,3.2638,3.2880,0.1674
24.09.2013 10:00:00.000 GMT+1000,3.2889,3.2950,3.2348,3.2569,0.1482
25.09.2013 10:00:00.000 GMT+1000,3.2589,3.2770,3.2519,3.2679,0.1341
26.09.2013 10:00:00.000 GMT+1000,3.2668,3.3230,3.2599,3.3019,0.1451
27.09.2013 10:00:00.000 GMT+1000,3.3010,3.3299,3.2908,3.3200,0.1369
28.09.2013 10:00:00.000 GMT+1000,3.3200,3.3200,3.3200,3.3200,0
29.09.2013 10:00:00.000 GMT+1000,3.3049,3.3120,3.2929,3.3110,0.0121
30.09.2013 10:00:00.000 GMT+1000,3.3100,3.3390,3.3029,3.3199,0.1601
01.10.2013 10:00:00.000 GMT+1000,3.3187,3.3360,3.2478,3.2709,0.1773
02.10.2013 10:00:00.000 GMT+1000,3.3089,3.3089,3.3078,3.3089,0.0005
03.10.2013 10:00:00.000 GMT+1000,3.3098,3.3240,3.2608,3.2788,0.1293
04.10.2013 10:00:00.000 GMT+1000,3.2778,3.3159,3.2569,3.2999,0.1671
05.10.2013 10:00:00.000 GMT+1000,3.2999,3.2999,3.2999,3.2999,0
06.10.2013 11:00:00.000 GMT+1100,3.2966,3.3049,3.2928,3.2968,0.007
07.10.2013 11:00:00.000 GMT+1100,3.2958,3.3120,3.2628,3.2989,0.2108
08.10.2013 11:00:00.000 GMT+1100,3.2979,3.3209,3.2818,3.2939,0.2807
09.10.2013 11:00:00.000 GMT+1100,3.2929,3.2960,3.2188,3.2258,0.3233
10.10.2013 11:00:00.000 GMT+1100,3.2249,3.2519,3.2148,3.2429,0.2695
11.10.2013 11:00:00.000 GMT+1100,3.2439,3.2730,3.2247,3.2688,0.244
12.10.2013 11:00:00.000 GMT+1100,3.2688,3.2688,3.2688,3.2688,0
13.10.2013 11:00:00.000 GMT+1100,3.2607,3.2630,3.2507,3.2558,0.0064
14.10.2013 11:00:00.000 GMT+1100,3.2549,3.3158,3.2438,3.3019,0.3026
15.10.2013 11:00:00.000 GMT+1100,3.3009,3.3090,3.2799,3.2990,0.2932
16.10.2013 11:00:00.000 GMT+1100,3.2999,3.3280,3.2620,3.3148,0.3615
17.10.2013 11:00:00.000 GMT+1100,3.3160,3.3240,3.2698,3.2920,0.2804
18.10.2013 11:00:00.000 GMT+1100,3.2929,3.3189,3.2859,3.2880,0.2086
19.10.2013 11:00:00.000 GMT+1100,3.2880,3.2880,3.2880,3.2880,0
20.10.2013 11:00:00.000 GMT+1100,3.2908,3.2910,3.2898,3.2910,0.0002
21.10.2013 11:00:00.000 GMT+1100,3.2929,3.3100,3.2868,3.2988,0.0898
22.10.2013 11:00:00.000 GMT+1100,3.2979,3.3529,3.2958,3.3308,0.144
23.10.2013 11:00:00.000 GMT+1100,3.3318,3.3338,3.2599,3.2679,0.1536
24.10.2013 11:00:00.000 GMT+1100,3.2690,3.2800,3.2448,3.2680,0.1508
25.10.2013 11:00:00.000 GMT+1100,3.2670,3.2720,3.2330,3.2669,0.1315
26.10.2013 11:00:00.000 GMT+1100,3.2669,3.2669,3.2669,3.2669,0
27.10.2013 11:00:00.000 GMT+1100,3.2678,3.2709,3.2638,3.2649,0.006
28.10.2013 11:00:00.000 GMT+1100,3.2638,3.2840,3.2558,3.2648,0.1202
29.10.2013 11:00:00.000 GMT+1100,3.2639,3.2949,3.2450,3.2739,0.1479
30.10.2013 11:00:00.000 GMT+1100,3.2750,3.3268,3.2718,3.3139,0.1715
31.10.2013 11:00:00.000 GMT+1100,3.3150,3.3190,3.2908,3.3020,0.1565
01.11.2013 11:00:00.000 GMT+1100,3.3009,3.3249,3.2899,3.2980,0.1559
02.11.2013 11:00:00.000 GMT+1100,3.2980,3.2980,3.2980,3.2980,0
03.11.2013 11:00:00.000 GMT+1100,3.2968,3.3029,3.2968,3.3019,0.0018
04.11.2013 11:00:00.000 GMT+1100,3.3029,3.3070,3.2458,3.2638,0.1434
05.11.2013 11:00:00.000 GMT+1100,3.2650,3.2750,3.2426,3.2609,0.132
06.11.2013 11:00:00.000 GMT+1100,3.2600,3.2770,3.2210,3.2399,0.1178
07.11.2013 11:00:00.000 GMT+1100,3.2419,3.2559,3.2258,3.2388,0.1549
08.11.2013 11:00:00.000 GMT+1100,3.2399,3.2650,3.2229,3.2568,0.1501
09.11.2013 11:00:00.000 GMT+1100,3.2568,3.2568,3.2568,3.2568,0
10.11.2013 11:00:00.000 GMT+1100,3.2628,3.2647,3.2576,3.2620,0.0052
11.11.2013 11:00:00.000 GMT+1100,3.2629,3.2749,3.2428,3.2539,0.1094
12.11.2013 11:00:00.000 GMT+1100,3.2550,3.2570,3.2108,3.2180,0.1232
13.11.2013 11:00:00.000 GMT+1100,3.2190,3.2209,3.1518,3.1619,0.223
14.11.2013 11:00:00.000 GMT+1100,3.1630,3.1820,3.1408,3.1649,0.1369
15.11.2013 11:00:00.000 GMT+1100,3.1638,3.1830,3.1429,3.1698,0.1086
16.11.2013 11:00:00.000 GMT+1100,3.1698,3.1698,3.1698,3.1698,0
17.11.2013 11:00:00.000 GMT+1100,3.1678,3.1679,3.1649,3.1669,0.0005
18.11.2013 11:00:00.000 GMT+1100,3.1660,3.1770,3.1230,3.1340,0.1086
19.11.2013 11:00:00.000 GMT+1100,3.1350,3.1718,3.1249,3.1568,0.1241
20.11.2013 11:00:00.000 GMT+1100,3.1578,3.1799,3.1418,3.1489,0.1289
21.11.2013 11:00:00.000 GMT+1100,3.1499,3.1980,3.1448,3.1856,0.1253
22.11.2013 11:00:00.000 GMT+1100,3.1848,3.2190,3.1798,3.2179,0.1215
23.11.2013 11:00:00.000 GMT+1100,3.2179,3.2179,3.2179,3.2179,0
24.11.2013 11:00:00.000 GMT+1100,3.2129,3.2690,3.2108,3.2469,0.019
25.11.2013 11:00:00.000 GMT+1100,3.2460,3.2488,3.2000,3.2290,0.1293
26.11.2013 11:00:00.000 GMT+1100,3.2309,3.2350,3.2002,3.2066,0.1299
27.11.2013 11:00:00.000 GMT+1100,3.2017,3.2279,3.1847,3.2112,0.0933
28.11.2013 11:00:00.000 GMT+1100,3.2103,3.2260,3.1999,3.2209,0.1767
29.11.2013 11:00:00.000 GMT+1100,3.2219,3.2549,3.2217,3.2319,0.2313
30.11.2013 11:00:00.000 GMT+1100,3.2319,3.2319,3.2319,3.2319,0
01.12.2013 11:00:00.000 GMT+1100,3.2257,3.2320,3.2234,3.2306,0.0219
02.12.2013 11:00:00.000 GMT+1100,3.2318,3.2410,3.2005,3.2165,0.7611